phase,cost_phase,time_phase_h
1.0,1578685.6444838445,1582.2410255418827
2.0,798976.5133866208,784.9342554492729
3.0,786394.4659151873,794.1511444571047
4.0,800446.801924646,751.0429984478803
,10798.080399039782,9.38963512959981
